{
  "xmeas_01": {
    "t_stat": -2.3112546221826857,
    "t_p": 0.021230459488548896,
    "ks_stat": 0.18230593607305934,
    "ks_p": 5.659243508244146e-11
  },
  "xmeas_02": {
    "t_stat": -1.0047025899265696,
    "t_p": 0.3153661703379573,
    "ks_stat": 0.05082762557077625,
    "ks_p": 0.2961644848049796
  },
  "xmeas_03": {
    "t_stat": 3.2357706301951583,
    "t_p": 0.0012805281748873218,
    "ks_stat": 0.09840182648401827,
    "ks_p": 0.0016803388572486815
  },
  "xmeas_04": {
    "t_stat": -1.4113214698776841,
    "t_p": 0.15876795188657242,
    "ks_stat": 0.20913242009132416,
    "ks_p": 2.5328916626550793e-14
  },
  "xmeas_05": {
    "t_stat": 1.0871296239327524,
    "t_p": 0.2773010137613461,
    "ks_stat": 0.0606164383561644,
    "ks_p": 0.13396121977642458
  },
  "xmeas_06": {
    "t_stat": -0.6946400482014413,
    "t_p": 0.4875168794916115,
    "ks_stat": 0.07046232876712333,
    "ks_p": 0.05228552433966852
  },
  "xmeas_07": {
    "t_stat": -6.144204327681612,
    "t_p": 1.6734290283525537e-09,
    "ks_stat": 0.34931506849315075,
    "ks_p": 1.0582463732034974e-39
  },
  "xmeas_08": {
    "t_stat": 4.501212804338165,
    "t_p": 8.326353529329242e-06,
    "ks_stat": 0.17908105022831053,
    "ks_p": 1.3296396377745234e-10
  },
  "xmeas_09": {
    "t_stat": -0.3890901908894241,
    "t_p": 0.6973724986801375,
    "ks_stat": 0.0797374429223745,
    "ks_p": 0.018943137430410373
  },
  "xmeas_10": {
    "t_stat": -1.5819279624169778,
    "t_p": 0.11428906787453531,
    "ks_stat": 0.12791095890410964,
    "ks_p": 1.2916415222554393e-05
  },
  "xmeas_11": {
    "t_stat": 3.8006458436947463,
    "t_p": 0.0001622419244026427,
    "ks_stat": 0.23307648401826483,
    "ks_p": 1.0333346735295761e-17
  },
  "xmeas_12": {
    "t_stat": 0.44493175089719955,
    "t_p": 0.6564836630406213,
    "ks_stat": 0.03544520547945207,
    "ks_p": 0.7378107975125976
  },
  "xmeas_13": {
    "t_stat": -5.925096726336664,
    "t_p": 5.907659619662388e-09,
    "ks_stat": 0.3410673515981736,
    "ks_p": 7.880596644114086e-38
  },
  "xmeas_14": {
    "t_stat": 1.0789040208491438,
    "t_p": 0.2809434735863048,
    "ks_stat": 0.04420662100456618,
    "ks_p": 0.4645533183839471
  },
  "xmeas_15": {
    "t_stat": 0.9184069999257656,
    "t_p": 0.358680413184114,
    "ks_stat": 0.050114155251141546,
    "ks_p": 0.3119895175731432
  },
  "xmeas_16": {
    "t_stat": -7.117521217069161,
    "t_p": 3.983786857864039e-12,
    "ks_stat": 0.3579337899543379,
    "ks_p": 1.0371887257289356e-41
  },
  "xmeas_17": {
    "t_stat": -1.040724488685993,
    "t_p": 0.298325775763015,
    "ks_stat": 0.05216894977168951,
    "ks_p": 0.2679655477739743
  },
  "xmeas_18": {
    "t_stat": 1.6068034973476872,
    "t_p": 0.10860101418714652,
    "ks_stat": 0.15507990867579913,
    "ks_p": 4.709512832502695e-08
  },
  "xmeas_19": {
    "t_stat": -6.257958361171665,
    "t_p": 6.333512147281007e-10,
    "ks_stat": 0.14974315068493152,
    "ks_p": 1.5462645851261094e-07
  },
  "xmeas_20": {
    "t_stat": 6.461128060395119,
    "t_p": 2.4983306966897786e-10,
    "ks_stat": 0.2549942922374429,
    "ks_p": 3.774002653449641e-21
  },
  "xmeas_21": {
    "t_stat": -1.1945463883553387,
    "t_p": 0.2328291670143374,
    "ks_stat": 0.19999999999999996,
    "ks_p": 3.950539885388229e-13
  },
  "xmeas_22": {
    "t_stat": 1.7274850895339142,
    "t_p": 0.08465662181308518,
    "ks_stat": 0.1622431506849315,
    "ks_p": 8.93565555293924e-09
  },
  "xmeas_23": {
    "t_stat": 8.311797586879946,
    "t_p": 8.768682531612309e-16,
    "ks_stat": 0.23601598173515978,
    "ks_p": 3.73169221399733e-18
  },
  "xmeas_24": {
    "t_stat": -1.5907995904282457,
    "t_p": 0.1122382092142297,
    "ks_stat": 0.1434360730593607,
    "ks_p": 5.968490694461946e-07
  },
  "xmeas_25": {
    "t_stat": -6.613504301709393,
    "t_p": 9.701869024037766e-11,
    "ks_stat": 0.2473744292237443,
    "ks_p": 6.432789338614553e-20
  },
  "xmeas_26": {
    "t_stat": 0.5330769784345679,
    "t_p": 0.5941339221278374,
    "ks_stat": 0.04377853881278537,
    "ks_p": 0.47699222431707133
  },
  "xmeas_27": {
    "t_stat": 0.24440845120551236,
    "t_p": 0.8070006604784798,
    "ks_stat": 0.08772831050228311,
    "ks_p": 0.00714506946960236
  },
  "xmeas_28": {
    "t_stat": 3.5773586757067584,
    "t_p": 0.00037414589577300426,
    "ks_stat": 0.18162100456621,
    "ks_p": 6.793839981794483e-11
  },
  "xmeas_29": {
    "t_stat": 8.373122366807172,
    "t_p": 5.788113828196871e-16,
    "ks_stat": 0.23670091324200915,
    "ks_p": 2.937711806322927e-18
  },
  "xmeas_30": {
    "t_stat": -1.3608632527192337,
    "t_p": 0.17414524872229198,
    "ks_stat": 0.13864155251141552,
    "ks_p": 1.6021267490600155e-06
  },
  "xmeas_31": {
    "t_stat": -6.22026444290598,
    "t_p": 1.062212476343104e-09,
    "ks_stat": 0.22796803652968045,
    "ks_p": 5.878472575540767e-17
  },
  "xmeas_32": {
    "t_stat": 0.19792352403007132,
    "t_p": 0.8431598697924069,
    "ks_stat": 0.06261415525114156,
    "ks_p": 0.11195484822817099
  },
  "xmeas_33": {
    "t_stat": -1.0406713801634901,
    "t_p": 0.298471454382684,
    "ks_stat": 0.07739726027397265,
    "ks_p": 0.02476419396112204
  },
  "xmeas_34": {
    "t_stat": 5.178380783673671,
    "t_p": 3.1219091542475126e-07,
    "ks_stat": 0.201027397260274,
    "ks_p": 2.9185928074326894e-13
  },
  "xmeas_35": {
    "t_stat": 3.4667466813242673,
    "t_p": 0.0005710537945567196,
    "ks_stat": 0.22300228310502285,
    "ks_p": 3.0659995999802297e-16
  },
  "xmeas_36": {
    "t_stat": 4.232801271808523,
    "t_p": 2.697393259661847e-05,
    "ks_stat": 0.17968036529680367,
    "ks_p": 1.1358032114713153e-10
  },
  "xmeas_37": {
    "t_stat": -0.2612987330019481,
    "t_p": 0.7939295174407004,
    "ks_stat": 0.08264840182648403,
    "ks_p": 0.013423603483670707
  },
  "xmeas_38": {
    "t_stat": -5.595112795951931,
    "t_p": 3.4102123840296646e-08,
    "ks_stat": 0.16583904109589043,
    "ks_p": 3.769467114617143e-09
  },
  "xmeas_39": {
    "t_stat": -1.4354093464456092,
    "t_p": 0.15154264778757393,
    "ks_stat": 0.14152397260273974,
    "ks_p": 8.884919228841829e-07
  },
  "xmeas_40": {
    "t_stat": -1.981300602227462,
    "t_p": 0.047882147800097793,
    "ks_stat": 0.09711757990867581,
    "ks_p": 0.0020176685901294148
  },
  "xmeas_41": {
    "t_stat": 1.21107995196057,
    "t_p": 0.22623415657396226,
    "ks_stat": 0.06053082191780823,
    "ks_p": 0.13497780482688176
  },
  "xmv_01": {
    "t_stat": 0.4705135941747062,
    "t_p": 0.6381223493371257,
    "ks_stat": 0.059674657534246556,
    "ks_p": 0.14549148146965205
  },
  "xmv_02": {
    "t_stat": 2.920216625321264,
    "t_p": 0.00362998211557902,
    "ks_stat": 0.11267123287671232,
    "ks_p": 0.00018714694212563525
  },
  "xmv_03": {
    "t_stat": -10.645989378830478,
    "t_p": 6.2672723328624076e-24,
    "ks_stat": 0.27833904109589036,
    "ks_p": 3.6217150788177055e-25
  },
  "xmv_04": {
    "t_stat": -6.583174637397354,
    "t_p": 1.16064142793383e-10,
    "ks_stat": 0.177939497716895,
    "ks_p": 1.792391330813753e-10
  },
  "xmv_05": {
    "t_stat": 4.306471468644854,
    "t_p": 1.993173185762547e-05,
    "ks_stat": 0.1999714611872146,
    "ks_p": 3.983812357609556e-13
  },
  "xmv_06": {
    "t_stat": -2.3015409335203794,
    "t_p": 0.021764810102265567,
    "ks_stat": 0.15131278538812787,
    "ks_p": 1.0947892402887166e-07
  },
  "xmv_07": {
    "t_stat": 0.44491940747853553,
    "t_p": 0.6564925832211295,
    "ks_stat": 0.03544520547945207,
    "ks_p": 0.7378107975125976
  },
  "xmv_08": {
    "t_stat": 0.9186752330480947,
    "t_p": 0.35854014014809543,
    "ks_stat": 0.050114155251141546,
    "ks_p": 0.3119895175731432
  },
  "xmv_09": {
    "t_stat": -4.7748693508431375,
    "t_p": 2.112820856966743e-06,
    "ks_stat": 0.1786244292237443,
    "ks_p": 1.498701343584875e-10
  },
  "xmv_10": {
    "t_stat": -3.150142507856993,
    "t_p": 0.0017305928367637472,
    "ks_stat": 0.2047659817351598,
    "ks_p": 9.56919535486535e-14
  },