{
  "xmeas_01": {
    "t_stat": -0.07015332793351045,
    "t_p": 0.9441783708589117,
    "ks_stat": 0.022857142857142854,
    "ks_p": 0.999999999999986
  },
  "xmeas_02": {
    "t_stat": -3.281339353199383,
    "t_p": 0.0015203217200338705,
    "ks_stat": 0.15999999999999992,
    "ks_p": 0.1052260009005696
  },
  "xmeas_03": {
    "t_stat": -2.7776614859124997,
    "t_p": 0.006666474383993531,
    "ks_stat": 0.13714285714285712,
    "ks_p": 0.22693611162560734
  },
  "xmeas_04": {
    "t_stat": -3.904713075188547,
    "t_p": 0.00019297925879397493,
    "ks_stat": 0.19714285714285718,
    "ks_p": 0.023394596589940655
  },
  "xmeas_05": {
    "t_stat": -4.984068518915432,
    "t_p": 3.821814525570749e-06,
    "ks_stat": 0.301904761904762,
    "ks_p": 5.975463395608751e-05
  },
  "xmeas_06": {
    "t_stat": 0.20598167335670792,
    "t_p": 0.8371256234887512,
    "ks_stat": 0.04476190476190467,
    "ks_p": 0.9996245244526297
  },
  "xmeas_07": {
    "t_stat": -0.28411708849022044,
    "t_p": 0.776770856493886,
    "ks_stat": 0.05714285714285716,
    "ks_p": 0.9885226450491357
  },
  "xmeas_08": {
    "t_stat": 0.04874012220441191,
    "t_p": 0.9611986895153323,
    "ks_stat": 0.040000000000000036,
    "ks_p": 0.9999595006817851
  },
  "xmeas_09": {
    "t_stat": -0.33774001379352053,
    "t_p": 0.7361009521678342,
    "ks_stat": 0.03428571428571428,
    "ks_p": 0.9999992399494515
  },
  "xmeas_10": {
    "t_stat": -0.3074613635317653,
    "t_p": 0.7589758486409526,
    "ks_stat": 0.04666666666666669,
    "ks_p": 0.9992458702655099
  },
  "xmeas_11": {
    "t_stat": -7.518998486354839,
    "t_p": 7.467375524746902e-11,
    "ks_stat": 0.4485714285714286,
    "ks_p": 1.4510019946788702e-10
  },
  "xmeas_12": {
    "t_stat": -0.41744168235179796,
    "t_p": 0.6770180183789573,
    "ks_stat": 0.05142857142857142,
    "ks_p": 0.9968013958152738
  },
  "xmeas_13": {
    "t_stat": 0.12816330362152117,
    "t_p": 0.8982151574600505,
    "ks_stat": 0.035238095238095235,
    "ks_p": 0.9999982862771842
  },
  "xmeas_14": {
    "t_stat": -0.13520584941154776,
    "t_p": 0.8926616666258741,
    "ks_stat": 0.03047619047619049,
    "ks_p": 0.9999999840251655
  },
  "xmeas_15": {
    "t_stat": -7.995499431626913,
    "t_p": 1.065687521215334e-11,
    "ks_stat": 0.48857142857142866,
    "ks_p": 1.5544545116228374e-12
  },
  "xmeas_16": {
    "t_stat": -0.26317013116726007,
    "t_p": 0.7928260932234608,
    "ks_stat": 0.059047619047619015,
    "ks_p": 0.9837785368147687
  },
  "xmeas_17": {
    "t_stat": -0.3915934231237886,
    "t_p": 0.6959756552446035,
    "ks_stat": 0.05523809523809525,
    "ks_p": 0.9921510044287213
  },
  "xmeas_18": {
    "t_stat": 0.14476280628403576,
    "t_p": 0.8851214638985451,
    "ks_stat": 0.03428571428571425,
    "ks_p": 0.9999992399494515
  },
  "xmeas_19": {
    "t_stat": 0.32259345515913757,
    "t_p": 0.7475261229855709,
    "ks_stat": 0.04190476190476189,
    "ks_p": 0.9998932941381264
  },
  "xmeas_20": {
    "t_stat": -3.1574769461275984,
    "t_p": 0.002215119819472361,
    "ks_stat": 0.16095238095238096,
    "ks_p": 0.10164371412232688
  },
  "xmeas_21": {
    "t_stat": 0.06491896752755111,
    "t_p": 0.9483371506002228,
    "ks_stat": 0.027619047619047654,
    "ks_p": 0.9999999997010998
  },
  "xmeas_22": {
    "t_stat": -0.1477903908845346,
    "t_p": 0.8827152480780893,
    "ks_stat": 0.049523809523809526,
    "ks_p": 0.998105027971999
  },
  "xmeas_23": {
    "t_stat": -0.1387533391407582,
    "t_p": 0.8898693308752167,
    "ks_stat": 0.06380952380952387,
    "ks_p": 0.9663787216228971
  },
  "xmeas_24": {
    "t_stat": -5.7302481743609786,
    "t_p": 1.8081762563339164e-07,
    "ks_stat": 0.3771428571428571,
    "ks_p": 1.5836696868120475e-07
  },
  "xmeas_25": {
    "t_stat": 0.08270771979194849,
    "t_p": 0.9342136126356366,
    "ks_stat": 0.04190476190476189,
    "ks_p": 0.9998932941381264
  },
  "xmeas_26": {
    "t_stat": -5.143425598462094,
    "t_p": 2.1027826759341765e-06,
    "ks_stat": 0.2666666666666666,
    "ks_p": 0.0005950466167028351
  },
  "xmeas_27": {
    "t_stat": -0.06424242066824476,
    "t_p": 0.948874077238716,
    "ks_stat": 0.029523809523809508,
    "ks_p": 0.9999999953581872
  },
  "xmeas_28": {
    "t_stat": 0.20528674240626588,
    "t_p": 0.8376628502194491,
    "ks_stat": 0.03428571428571425,
    "ks_p": 0.9999992399494515
  },
  "xmeas_29": {
    "t_stat": -2.669027311929013,
    "t_p": 0.009206454918995624,
    "ks_stat": 0.24857142857142867,
    "ks_p": 0.0017257017976483417
  },
  "xmeas_30": {
    "t_stat": -2.530444114272276,
    "t_p": 0.01302501871441412,
    "ks_stat": 0.12095238095238103,
    "ks_p": 0.3630163311437567
  },
  "xmeas_31": {
    "t_stat": -0.21718730889376647,
    "t_p": 0.828407521328239,
    "ks_stat": 0.03809523809523807,
    "ks_p": 0.9999872956802208
  },
  "xmeas_32": {
    "t_stat": -3.460958509059589,
    "t_p": 0.0008689548135619253,
    "ks_stat": 0.181904761904762,
    "ks_p": 0.04503699373562826
  },
  "xmeas_33": {
    "t_stat": 0.030465366490412434,
    "t_p": 0.9757438184009954,
    "ks_stat": 0.022857142857142854,
    "ks_p": 0.999999999999986
  },
  "xmeas_34": {
    "t_stat": 0.11465319070566628,
    "t_p": 0.9088877107716593,
    "ks_stat": 0.04285714285714287,
    "ks_p": 0.9998355009702229
  },
  "xmeas_35": {
    "t_stat": -0.24824141671968197,
    "t_p": 0.8043282809357462,
    "ks_stat": 0.03904761904761905,
    "ks_p": 0.9999768897358677
  },
  "xmeas_36": {
    "t_stat": -0.39284916106662254,
    "t_p": 0.6954438073402633,
    "ks_stat": 0.13428571428571434,
    "ks_p": 0.24770071203027558
  },
  "xmeas_37": {
    "t_stat": 0.0400731822510727,
    "t_p": 0.9681269629165441,
    "ks_stat": 0.11238095238095236,
    "ks_p": 0.4529839771582914
  },
  "xmeas_38": {
    "t_stat": 1.0387208720720547,
    "t_p": 0.3019823617284067,
    "ks_stat": 0.12000000000000001,
    "ks_p": 0.3724218851392458
  },
  "xmeas_39": {
    "t_stat": 0.2837699517003052,
    "t_p": 0.7770315594287205,
    "ks_stat": 0.04761904761904767,
    "ks_p": 0.9989636086309083
  },
  "xmeas_40": {
    "t_stat": -0.052647467086939626,
    "t_p": 0.9580905696585038,
    "ks_stat": 0.03809523809523807,
    "ks_p": 0.9999872956802208
  },
  "xmeas_41": {
    "t_stat": -0.07920584615045621,
    "t_p": 0.936989778830661,
    "ks_stat": 0.021904761904761927,
    "ks_p": 0.9999999999999992
  },
  "xmv_01": {
    "t_stat": -1.018442331419712,
    "t_p": 0.31110036440857175,
    "ks_stat": 0.09333333333333327,
    "ks_p": 0.6840239007070521
  },
  "xmv_02": {
    "t_stat": 0.8998332290457344,
    "t_p": 0.3706972856536218,
    "ks_stat": 0.11333333333333334,
    "ks_p": 0.4423952376856176
  },
  "xmv_03": {
    "t_stat": -4.101520841881094,
    "t_p": 9.944446631265897e-05,
    "ks_stat": 0.22666666666666657,
    "ks_p": 0.005647761908123082
  },
  "xmv_04": {
    "t_stat": -0.23806524432779574,
    "t_p": 0.8121980408895687,
    "ks_stat": 0.038095238095238126,
    "ks_p": 0.9999872956802208
  },
  "xmv_05": {
    "t_stat": 0.1682841587423161,
    "t_p": 0.8666186558323435,
    "ks_stat": 0.04666666666666669,
    "ks_p": 0.9992458702655099
  },
  "xmv_06": {
    "t_stat": -0.4733707874324709,
    "t_p": 0.63671150910395,
    "ks_stat": 0.04857142857142857,
    "ks_p": 0.9985845873766516
  },
  "xmv_07": {
    "t_stat": -0.050744487022947996,
    "t_p": 0.9596092493974128,
    "ks_stat": 0.039047619047619,
    "ks_p": 0.9999768897358677
  },
  "xmv_08": {
    "t_stat": -4.009534648342444,
    "t_p": 0.00012765122563402416,
    "ks_stat": 0.2666666666666666,
    "ks_p": 0.0005950466167028351
  },
  "xmv_09": {
    "t_stat": 0.2655210768730472,
    "t_p": 0.7910388630299809,
    "ks_stat": 0.020952380952380945,
    "ks_p": 1.0
  },
  "xmv_10": {
    "t_stat": -4.866409246658296,
    "t_p": 5.504617166267376e-06,
    "ks_stat": 0.26761904761904765,
    "ks_p": 0.0005614060499936341
  },
  "xmv_11": {
    "t_stat": 0.26366128616416123,
    "t_p": 0.792469943066104,