{
  "xmeas_01": {
    "t_stat": 0.10456419515777461,
    "t_p": 0.9167959533906506,
    "ks_stat": 0.0996655518394649,
    "ks_p": 0.09034073402980189
  },
  "xmeas_02": {
    "t_stat": 1.3689592713040122,
    "t_p": 0.1718488382087852,
    "ks_stat": 0.22017837235228543,
    "ks_p": 5.99221220400438e-07
  },
  "xmeas_03": {
    "t_stat": 0.573401266710065,
    "t_p": 0.566795073051169,
    "ks_stat": 0.12207357859531776,
    "ks_p": 0.019514120039350758
  },
  "xmeas_04": {
    "t_stat": -2.7294238907932287,
    "t_p": 0.006720740984800646,
    "ks_stat": 0.25652173913043486,
    "ks_p": 2.697751175053728e-09
  },
  "xmeas_05": {
    "t_stat": -3.7580377105042553,
    "t_p": 0.00020712901384610727,
    "ks_stat": 0.2240802675585284,
    "ks_p": 3.494780962258207e-07
  },
  "xmeas_06": {
    "t_stat": 2.0356867001567016,
    "t_p": 0.04264949169012093,
    "ks_stat": 0.1370122630992196,
    "ks_p": 0.005913924434703578
  },
  "xmeas_07": {
    "t_stat": -11.304034688414207,
    "t_p": 6.519117134322678e-26,
    "ks_stat": 0.4652173913043479,
    "ks_p": 2.2134364355754696e-30
  },
  "xmeas_08": {
    "t_stat": -7.264445398562748,
    "t_p": 1.5392133300674382e-12,
    "ks_stat": 0.2916387959866221,
    "ks_p": 6.407132723753299e-12
  },
  "xmeas_09": {
    "t_stat": -1.9440194853908928,
    "t_p": 0.052780158191197725,
    "ks_stat": 0.20144927536231882,
    "ks_p": 6.961028713083273e-06
  },
  "xmeas_10": {
    "t_stat": 6.097049707605414,
    "t_p": 2.6255704284137403e-09,
    "ks_stat": 0.23188405797101452,
    "ks_p": 1.1543083861071511e-07
  },
  "xmeas_11": {
    "t_stat": -7.984872721974828,
    "t_p": 1.8328690964748528e-14,
    "ks_stat": 0.40144927536231884,
    "ks_p": 1.722297950114246e-22
  },
  "xmeas_12": {
    "t_stat": -8.764279659058904,
    "t_p": 5.049679885633737e-17,
    "ks_stat": 0.38684503901895206,
    "ks_p": 7.181182062687225e-21
  },
  "xmeas_13": {
    "t_stat": 1.2123800581127273,
    "t_p": 0.22599788789746553,
    "ks_stat": 0.21962095875139354,
    "ks_p": 6.466854334677003e-07
  },
  "xmeas_14": {
    "t_stat": -9.416347921316442,
    "t_p": 8.846866315419004e-20,
    "ks_stat": 0.4045707915273133,
    "ks_p": 7.6030888596064e-23
  },
  "xmeas_15": {
    "t_stat": -2.735745748596285,
    "t_p": 0.006550873863750359,
    "ks_stat": 0.13177257525083608,
    "ks_p": 0.009131839261610748
  },
  "xmeas_16": {
    "t_stat": 0.04371350918896353,
    "t_p": 0.9651583279550067,
    "ks_stat": 0.12552954292084728,
    "ks_p": 0.014987658951766222
  },
  "xmeas_17": {
    "t_stat": 2.5512884982403055,
    "t_p": 0.011254405937364887,
    "ks_stat": 0.20657748049052396,
    "ks_p": 3.636718277044986e-06
  },
  "xmeas_18": {
    "t_stat": -1.64503596032483,
    "t_p": 0.10098355660544912,
    "ks_stat": 0.12040133779264217,
    "ks_p": 0.022113508175756517
  },
  "xmeas_19": {
    "t_stat": -7.924089168074663,
    "t_p": 3.041473059582485e-14,
    "ks_stat": 0.36911928651059084,
    "ks_p": 5.396513333409529e-19
  },
  "xmeas_20": {
    "t_stat": -0.02669784085100834,
    "t_p": 0.978721437569388,
    "ks_stat": 0.17268673355629877,
    "ks_p": 0.00019498713821554432
  },
  "xmeas_21": {
    "t_stat": -5.773797291477557,
    "t_p": 1.837001657612344e-08,
    "ks_stat": 0.2771460423634337,
    "ks_p": 8.565331768606079e-11
  },
  "xmeas_22": {
    "t_stat": 6.546390603398485,
    "t_p": 2.443488584042471e-10,
    "ks_stat": 0.25863991081382376,
    "ks_p": 1.917468668373015e-09
  },
  "xmeas_23": {
    "t_stat": 1.62304303330332,
    "t_p": 0.10560415339719784,
    "ks_stat": 0.1265328874024526,
    "ks_p": 0.013863029722127322
  },
  "xmeas_24": {
    "t_stat": -0.7504768215224651,
    "t_p": 0.45358766246252374,
    "ks_stat": 0.21226309921962094,
    "ks_p": 1.7361496659450516e-06
  },
  "xmeas_25": {
    "t_stat": -10.750876775051731,
    "t_p": 4.6254369270376286e-23,
    "ks_stat": 0.5394648829431439,
    "ks_p": 2.3364344629327256e-41
  },
  "xmeas_26": {
    "t_stat": -1.0582421780397933,
    "t_p": 0.29087609236455875,
    "ks_stat": 0.18350055741360088,
    "ks_p": 5.921994820758498e-05
  },
  "xmeas_27": {
    "t_stat": 0.14104277461571227,
    "t_p": 0.8879230655533223,
    "ks_stat": 0.09620958751393538,
    "ks_p": 0.11131798444576826
  },
  "xmeas_28": {
    "t_stat": -1.7547984234977663,
    "t_p": 0.08041572740351144,
    "ks_stat": 0.1866220735785954,
    "ks_p": 4.1411752147222496e-05
  },
  "xmeas_29": {
    "t_stat": -1.4799470123766754,
    "t_p": 0.13998724711204327,
    "ks_stat": 0.1355629877369008,
    "ks_p": 0.006680420632957927
  },
  "xmeas_30": {
    "t_stat": 4.787970077244626,
    "t_p": 2.589874016247019e-06,
    "ks_stat": 0.2442586399108138,
    "ks_p": 1.838217818924329e-08
  },
  "xmeas_31": {
    "t_stat": 4.319495518757232,
    "t_p": 2.0753785332372944e-05,
    "ks_stat": 0.2055741360089186,
    "ks_p": 4.1347452334714234e-06
  },
  "xmeas_32": {
    "t_stat": -1.5052063008681829,
    "t_p": 0.13317126491626774,
    "ks_stat": 0.1745819397993311,
    "ks_p": 0.00015907884420036036
  },
  "xmeas_33": {
    "t_stat": 4.801973609590465,
    "t_p": 2.3471104498163526e-06,
    "ks_stat": 0.18673355629877364,
    "ks_p": 4.0881439825951745e-05
  },
  "xmeas_34": {
    "t_stat": -2.531148367989854,
    "t_p": 0.011896053337140852,
    "ks_stat": 0.17837235228539572,
    "ks_p": 0.00010516794930913163
  },
  "xmeas_35": {
    "t_stat": -10.753736077184687,
    "t_p": 5.43259671423112e-24,
    "ks_stat": 0.37335562987736903,
    "ks_p": 1.9620742998416886e-19
  },
  "xmeas_36": {
    "t_stat": 1.2848733897589206,
    "t_p": 0.1998700802393117,
    "ks_stat": 0.1963210702341136,
    "ks_p": 1.310312906948725e-05
  },
  "xmeas_37": {
    "t_stat": -2.7974878484568952,
    "t_p": 0.005468329271440302,
    "ks_stat": 0.19286510590858413,
    "ks_p": 1.9879822460820922e-05
  },
  "xmeas_38": {
    "t_stat": 2.3796819810709016,
    "t_p": 0.017842140394464374,
    "ks_stat": 0.12943143812709024,
    "ks_p": 0.011027482428663037
  },
  "xmeas_39": {
    "t_stat": 1.1928045763833448,
    "t_p": 0.2335259074060584,
    "ks_stat": 0.1677814938684504,
    "ks_p": 0.0003267699001744543
  },
  "xmeas_40": {
    "t_stat": -2.6029184744523133,
    "t_p": 0.009702322411273492,
    "ks_stat": 0.18182831661092536,
    "ks_p": 7.154676397547091e-05
  },
  "xmeas_41": {
    "t_stat": -1.9548941020788415,
    "t_p": 0.051509306722167345,
    "ks_stat": 0.1705685618729097,
    "ks_p": 0.00024414031919367567
  },
  "xmv_01": {
    "t_stat": -2.405310498032993,
    "t_p": 0.016762034447850575,
    "ks_stat": 0.18517279821627652,
    "ks_p": 4.893053737559006e-05
  },
  "xmv_02": {
    "t_stat": -0.7766981569461813,
    "t_p": 0.43796281357652894,
    "ks_stat": 0.14838350055741362,
    "ks_p": 0.0021724061541710258
  },
  "xmv_03": {
    "t_stat": -3.6651282188755276,
    "t_p": 0.00028929207606432944,
    "ks_stat": 0.15819397993311046,
    "ks_p": 0.0008582624827602181
  },
  "xmv_04": {
    "t_stat": 2.253058704589004,
    "t_p": 0.02507307415318809,
    "ks_stat": 0.24347826086956523,
    "ks_p": 2.070097649176905e-08
  },
  "xmv_05": {
    "t_stat": 7.269058455908376,
    "t_p": 4.394649453330248e-12,
    "ks_stat": 0.2560758082497213,
    "ks_p": 2.8977086135734196e-09
  },
  "xmv_06": {
    "t_stat": -0.22394210118691898,
    "t_p": 0.8229626635936662,
    "ks_stat": 0.19910813823857298,
    "ks_p": 9.31066167564189e-06
  },
  "xmv_07": {
    "t_stat": -3.537378462657162,
    "t_p": 0.0004732857428299385,
    "ks_stat": 0.2531772575250837,
    "ks_p": 4.597485887608598e-09
  },
  "xmv_08": {
    "t_stat": 0.4857426517593946,
    "t_p": 0.6275642515868974,
    "ks_stat": 0.14693422519509478,
    "ks_p": 0.0024792182147189983
  },
  "xmv_09": {
    "t_stat": -1.3585544007410584,
    "t_p": 0.17555692633896858,
    "ks_stat": 0.18517279821627647,
    "ks_p": 4.893053737559006e-05
  },
  "xmv_10": {
    "t_stat": 0.016457263758038684,
    "t_p": 0.9868815686335723,
    "ks_stat": 0.09933110367892983,